year,region,crop,yield_kg_ha,area_ha,production_tonnes,price_usd_kg
2000,Ashanti,Cocoa,414.7,52991,21975,2.721
2001,Ashanti,Cocoa,408.9,50755,20752,3.14
2002,Ashanti,Cocoa,379.7,51531,19567,2.644
2003,Ashanti,Cocoa,398.9,45478,18142,3.119
2004,Ashanti,Cocoa,368.6,51575,19012,2.495
2005,Ashanti,Cocoa,343.2,49939,17140,3.001
2006,Ashanti,Cocoa,402.7,51668,20805,2.413
2007,Ashanti,Cocoa,478.6,50497,24165,3.118
2008,Ashanti,Cocoa,419.4,55647,23340,2.795
2009,Ashanti,Cocoa,396.0,51737,20488,2.931
2010,Ashanti,Cocoa,464.8,48530,22557,2.354
2011,Ashanti,Cocoa,426.0,53132,22632,3.096
2012,Ashanti,Cocoa,427.0,52343,22352,2.303
2013,Ashanti,Cocoa,406.6,50504,20535,2.504
2014,Ashanti,Cocoa,497.2,52675,26191,2.573
2015,Ashanti,Cocoa,535.3,54857,29362,3.098
2016,Ashanti,Cocoa,421.6,53326,22481,2.911
2017,Ashanti,Cocoa,561.5,53839,30229,2.662
2018,Ashanti,Cocoa,556.0,57153,31777,2.776
2019,Ashanti,Cocoa,578.5,56637,32766,3.067
2020,Ashanti,Cocoa,502.4,58069,29172,1.92
2021,Ashanti,Cocoa,578.8,52358,30302,3.15
2022,Ashanti,Cocoa,502.5,56156,28216,3.297
2000,Ashanti,Plantain,9742.9,32537,317013,0.075
2001,Ashanti,Plantain,10270.1,35351,363061,0.082
2002,Ashanti,Plantain,11109.1,34092,378732,0.089
2003,Ashanti,Plantain,9773.0,35035,342398,0.078
2004,Ashanti,Plantain,10259.2,34696,355954,0.083
2005,Ashanti,Plantain,7409.8,34930,258831,0.076
2006,Ashanti,Plantain,10677.3,34417,367484,0.084
2007,Ashanti,Plantain,9749.5,36690,357715,0.08
2008,Ashanti,Plantain,9010.6,35051,315835,0.104
2009,Ashanti,Plantain,12279.8,34790,427215,0.074
2010,Ashanti,Plantain,10873.4,36843,400618,0.087
2011,Ashanti,Plantain,10642.5,37336,397351,0.093
2012,Ashanti,Plantain,13615.6,34310,467159,0.075
2013,Ashanti,Plantain,14508.3,36986,536604,0.08
2014,Ashanti,Plantain,11634.1,34550,401963,0.085
2015,Ashanti,Plantain,12713.2,35930,456795,0.076
2016,Ashanti,Plantain,11219.8,37409,419726,0.068
2017,Ashanti,Plantain,13745.8,39898,548438,0.077
2018,Ashanti,Plantain,11390.5,37001,421460,0.088
2019,Ashanti,Plantain,14513.0,35653,517437,0.086
2020,Ashanti,Plantain,14681.0,37382,548806,0.073
2021,Ashanti,Plantain,13388.3,35519,475542,0.09
2022,Ashanti,Plantain,15000.8,36013,540225,0.088
2000,Ashanti,Cassava,18718.8,45178,845690,0.055
2001,Ashanti,Cassava,21817.6,42231,921394,0.045
2002,Ashanti,Cassava,17562.4,45495,799014,0.052
2003,Ashanti,Cassava,18873.0,49972,943134,0.051
2004,Ashanti,Cassava,19250.0,43809,843337,0.044
2005,Ashanti,Cassava,17649.0,45335,800122,0.054
2006,Ashanti,Cassava,14504.6,43085,624929,0.047
2007,Ashanti,Cassava,20722.0,47262,979377,0.051
2008,Ashanti,Cassava,16379.0,46495,761556,0.05
2009,Ashanti,Cassava,15349.5,47995,736712,0.056
2010,Ashanti,Cassava,15678.1,44999,705510,0.053
2011,Ashanti,Cassava,19441.2,46931,912412,0.055
2012,Ashanti,Cassava,20753.3,49130,1019614,0.056
2013,Ashanti,Cassava,19988.5,45284,905173,0.041
2014,Ashanti,Cassava,19296.5,47701,920473,0.064
2015,Ashanti,Cassava,16280.6,47041,765856,0.05
2016,Ashanti,Cassava,19792.0,49936,988337,0.05
2017,Ashanti,Cassava,17537.8,49199,862850,0.042
2018,Ashanti,Cassava,21309.1,47286,1007628,0.063
2019,Ashanti,Cassava,21841.0,48693,1063526,0.053
2020,Ashanti,Cassava,19926.7,50404,1004398,0.045
2021,Ashanti,Cassava,21636.5,47739,1032911,0.06
2022,Ashanti,Cassava,20917.3,48172,1007630,0.061
2000,Ashanti,Maize,1956.8,88897,173956,0.281
2001,Ashanti,Maize,1600.2,78156,125063,0.243
2002,Ashanti,Maize,2486.1,72137,179343,0.219
2003,Ashanti,Maize,1264.5,78909,99784,0.296
2004,Ashanti,Maize,2358.9,88304,208300,0.207
2005,Ashanti,Maize,2039.2,86972,177350,0.244
2006,Ashanti,Maize,1937.1,84772,164216,0.27
2007,Ashanti,Maize,1771.6,91730,162510,0.271
2008,Ashanti,Maize,2013.2,86140,173419,0.231
2009,Ashanti,Maize,2327.3,84106,195743,0.231
2010,Ashanti,Maize,1865.5,88987,166009,0.259
2011,Ashanti,Maize,1788.4,89322,159742,0.267
2012,Ashanti,Maize,1758.7,86790,152634,0.254
2013,Ashanti,Maize,1887.1,91076,171875,0.297
2014,Ashanti,Maize,1906.3,91957,175301,0.251
2015,Ashanti,Maize,2074.9,90886,188578,0.242
2016,Ashanti,Maize,1761.2,88815,156419,0.268
2017,Ashanti,Maize,1570.5,87442,137327,0.286
2018,Ashanti,Maize,1748.9,91362,159785,0.269
2019,Ashanti,Maize,2039.9,89697,182976,0.187
2020,Ashanti,Maize,2672.4,87430,233652,0.24
2021,Ashanti,Maize,2499.2,94996,237418,0.237
2022,Ashanti,Maize,2252.3,89411,201385,0.257
2000,Brong-Ahafo,Maize,947.5,16516,15649,0.228
2001,Brong-Ahafo,Maize,1649.3,16163,26658,0.297
2002,Brong-Ahafo,Maize,1641.6,16974,27865,0.249
2003,Brong-Ahafo,Maize,1818.1,18654,33915,0.273
2004,Brong-Ahafo,Maize,1810.6,18133,32832,0.271
2005,Brong-Ahafo,Maize,1805.3,17988,32474,0.28
2006,Brong-Ahafo,Maize,1473.8,17485,25770,0.251
2007,Brong-Ahafo,Maize,2055.3,17811,36608,0.306
2008,Brong-Ahafo,Maize,2196.6,18330,40264,0.316
2009,Brong-Ahafo,Maize,1754.5,18178,31895,0.209
2010,Brong-Ahafo,Maize,1779.4,18482,32887,0.26
2011,Brong-Ahafo,Maize,2651.9,18864,50026,0.279
2012,Brong-Ahafo,Maize,1673.3,19834,33187,0.285
2013,Brong-Ahafo,Maize,1475.1,18846,27800,0.217
2014,Brong-Ahafo,Maize,2067.2,19593,40503,0.202
2015,Brong-Ahafo,Maize,1984.2,18996,37692,0.259
2016,Brong-Ahafo,Maize,1215.7,18934,23018,0.236
2017,Brong-Ahafo,Maize,2353.4,18031,42434,0.266
2018,Brong-Ahafo,Maize,1620.9,19971,32371,0.26
2019,Brong-Ahafo,Maize,1940.5,19244,37344,0.297
2020,Brong-Ahafo,Maize,2712.2,20480,55548,0.243
2021,Brong-Ahafo,Maize,2608.8,20381,53171,0.276
2022,Brong-Ahafo,Maize,2646.3,18195,48151,0.215
2000,Brong-Ahafo,Yam,9999.7,115832,1158290,0.121
2001,Brong-Ahafo,Yam,15541.2,111257,1729075,0.12
2002,Brong-Ahafo,Yam,15534.0,112037,1740381,0.12
2003,Brong-Ahafo,Yam,15983.6,104605,1671974,0.118
2004,Brong-Ahafo,Yam,14425.1,113053,1630807,0.106
2005,Brong-Ahafo,Yam,16021.4,110726,1774001,0.15
2006,Brong-Ahafo,Yam,14277.0,110226,1573703,0.109
2007,Brong-Ahafo,Yam,12432.0,112252,1395532,0.121
2008,Brong-Ahafo,Yam,10245.5,110578,1132928,0.123
2009,Brong-Ahafo,Yam,15280.0,111471,1703280,0.109
2010,Brong-Ahafo,Yam,16520.5,113526,1875524,0.087
2011,Brong-Ahafo,Yam,13880.9,105694,1467129,0.132
2012,Brong-Ahafo,Yam,12250.7,129278,1583744,0.136
2013,Brong-Ahafo,Yam,18825.9,105630,1988590,0.108
2014,Brong-Ahafo,Yam,14297.8,114088,1631217,0.104
2015,Brong-Ahafo,Yam,16796.9,121440,2039822,0.135
2016,Brong-Ahafo,Yam,17231.2,118345,2039229,0.108
2017,Brong-Ahafo,Yam,15243.6,125467,1912585,0.114
2018,Brong-Ahafo,Yam,15398.5,123147,1896288,0.147
2019,Brong-Ahafo,Yam,16825.6,120202,2022482,0.115
2020,Brong-Ahafo,Yam,16772.3,117348,1968209,0.113
2021,Brong-Ahafo,Yam,15837.5,118355,1874460,0.084
2022,Brong-Ahafo,Yam,14997.6,120240,1803324,0.107
2000,Brong-Ahafo,Cassava,14300.1,120103,1717487,0.053
2001,Brong-Ahafo,Cassava,12977.8,126692,1644180,0.06
2002,Brong-Ahafo,Cassava,16138.5,120407,1943191,0.045
2003,Brong-Ahafo,Cassava,13452.8,116190,1563090,0.048
2004,Brong-Ahafo,Cassava,18793.5,111164,2089165,0.05
2005,Brong-Ahafo,Cassava,15109.8,118802,1795083,0.048
2006,Brong-Ahafo,Cassava,20824.9,117387,2444592,0.055
2007,Brong-Ahafo,Cassava,14994.7,117287,1758693,0.065
2008,Brong-Ahafo,Cassava,19889.7,120297,2392668,0.052
2009,Brong-Ahafo,Cassava,15090.0,124102,1872705,0.059
2010,Brong-Ahafo,Cassava,18354.8,120489,2211553,0.047
2011,Brong-Ahafo,Cassava,18662.9,125527,2342692,0.056
2012,Brong-Ahafo,Cassava,21121.2,122055,2577958,0.057
2013,Brong-Ahafo,Cassava,18688.8,121004,2261424,0.037
2014,Brong-Ahafo,Cassava,20077.3,132558,2661429,0.052
2015,Brong-Ahafo,Cassava,19617.9,129485,2540238,0.051
2016,Brong-Ahafo,Cassava,16484.1,131240,2163389,0.052
2017,Brong-Ahafo,Cassava,19034.9,130994,2493459,0.05
2018,Brong-Ahafo,Cassava,18450.6,123109,2271454,0.055
2019,Brong-Ahafo,Cassava,19566.3,134696,2635507,0.052
2020,Brong-Ahafo,Cassava,21483.8,125860,2703959,0.048
2021,Brong-Ahafo,Cassava,17833.5,126828,2261791,0.047
2022,Brong-Ahafo,Cassava,22474.6,135726,3050394,0.052
2000,Brong-Ahafo,Rice,3830.9,33625,128816,0.531
2001,Brong-Ahafo,Rice,3019.1,40210,121401,0.439
2002,Brong-Ahafo,Rice,2747.0,36721,100875,0.489
2003,Brong-Ahafo,Rice,3008.2,37384,112460,0.464
2004,Brong-Ahafo,Rice,2435.5,39232,95552,0.422
2005,Brong-Ahafo,Rice,2660.3,38237,101724,0.587
2006,Brong-Ahafo,Rice,3377.4,37058,125163,0.427
2007,Brong-Ahafo,Rice,3370.6,34107,114965,0.438
2008,Brong-Ahafo,Rice,3512.5,37163,130534,0.54
2009,Brong-Ahafo,Rice,2737.3,37614,102962,0.45
2010,Brong-Ahafo,Rice,2626.5,37677,98958,0.488
2011,Brong-Ahafo,Rice,2745.5,38940,106910,0.407
2012,Brong-Ahafo,Rice,2264.2,42099,95324,0.453
2013,Brong-Ahafo,Rice,3079.1,39530,121721,0.444
2014,Brong-Ahafo,Rice,3537.6,38688,136864,0.421
2015,Brong-Ahafo,Rice,4044.5,35065,141823,0.338
2016,Brong-Ahafo,Rice,2819.2,38601,108824,0.43
2017,Brong-Ahafo,Rice,3146.9,40042,126011,0.495
2018,Brong-Ahafo,Rice,2905.8,40814,118600,0.519
2019,Brong-Ahafo,Rice,3340.3,38585,128888,0.455
2020,Brong-Ahafo,Rice,3617.2,38051,137641,0.489
2021,Brong-Ahafo,Rice,4125.0,38640,159394,0.463
2022,Brong-Ahafo,Rice,3807.8,38618,147048,0.483
2000,Central,Cassava,17225.9,38789,668175,0.056
2001,Central,Cassava,16550.2,39008,645607,0.045
2002,Central,Cassava,14281.5,42230,603116,0.042
2003,Central,Cassava,21626.6,38581,834376,0.047
2004,Central,Cassava,15781.6,42301,667579,0.05
2005,Central,Cassava,19934.0,41305,823376,0.058
2006,Central,Cassava,19426.5,39264,762768,0.042
2007,Central,Cassava,20534.0,40157,824589,0.051
2008,Central,Cassava,19458.4,40867,795224,0.052
2009,Central,Cassava,15133.4,41903,634148,0.053
2010,Central,Cassava,20157.8,44479,896605,0.06
2011,Central,Cassava,21946.1,42820,939735,0.055
2012,Central,Cassava,18403.6,43325,797338,0.053
2013,Central,Cassava,18589.7,41143,764850,0.053
2014,Central,Cassava,18156.9,41483,753204,0.044
2015,Central,Cassava,22536.6,47294,1065855,0.048
2016,Central,Cassava,17531.3,45242,793166,0.047
2017,Central,Cassava,20977.1,41543,871468,0.056
2018,Central,Cassava,20419.0,47399,967857,0.046
2019,Central,Cassava,25325.4,45527,1153011,0.053
2020,Central,Cassava,22424.3,42351,949696,0.046
2021,Central,Cassava,20000.1,42965,859304,0.049
2022,Central,Cassava,22524.7,46321,1043376,0.053
2000,Central,Maize,2108.4,85294,179831,0.2
2001,Central,Maize,2122.4,86420,183420,0.263
2002,Central,Maize,1658.4,86254,143043,0.27
2003,Central,Maize,1672.7,89851,150298,0.208
2004,Central,Maize,2092.9,88005,184187,0.236
2005,Central,Maize,1857.1,88135,163676,0.262
2006,Central,Maize,1288.2,91631,118035,0.205
2007,Central,Maize,1464.7,90531,132603,0.271
2008,Central,Maize,1961.4,87186,171005,0.292
2009,Central,Maize,2310.6,90457,209016,0.2
2010,Central,Maize,1439.9,88374,127254,0.242
2011,Central,Maize,1749.3,86643,151567,0.192
2012,Central,Maize,1669.8,94034,157019,0.244
2013,Central,Maize,2722.9,88823,241856,0.285
2014,Central,Maize,2640.7,89340,235923,0.234
2015,Central,Maize,2347.1,89819,210816,0.235
2016,Central,Maize,1959.7,97237,190558,0.233
2017,Central,Maize,2271.0,91517,207839,0.229
2018,Central,Maize,1981.1,98527,195197,0.304
2019,Central,Maize,2150.3,95658,205697,0.266
2020,Central,Maize,2594.9,93483,242574,0.226
2021,Central,Maize,2572.1,91263,234739,0.225
2022,Central,Maize,2321.2,93172,216274,0.257
2000,Central,Plantain,13858.3,101140,1401639,0.075
2001,Central,Plantain,11786.8,97075,1144207,0.084
2002,Central,Plantain,11012.0,108951,1199775,0.088
2003,Central,Plantain,11263.0,109053,1228278,0.095
2004,Central,Plantain,10385.7,106008,1100966,0.092
2005,Central,Plantain,9937.5,107647,1069748,0.084
2006,Central,Plantain,11324.3,106627,1207473,0.067
2007,Central,Plantain,12140.7,113131,1373505,0.082
2008,Central,Plantain,11824.6,113988,1347870,0.079
2009,Central,Plantain,11733.4,108710,1275546,0.084
2010,Central,Plantain,13242.4,104258,1380641,0.081
2011,Central,Plantain,10779.7,107034,1153794,0.081
2012,Central,Plantain,10613.3,111094,1179074,0.095
2013,Central,Plantain,11697.0,103021,1205042,0.076
2014,Central,Plantain,8442.7,101480,856766,0.084
2015,Central,Plantain,11320.6,115722,1310052,0.093
2016,Central,Plantain,13326.4,111192,1481790,0.098
2017,Central,Plantain,10983.7,115830,1272241,0.078
2018,Central,Plantain,10932.4,118603,1296619,0.079
2019,Central,Plantain,13346.7,114266,1525085,0.078
2020,Central,Plantain,13329.8,115519,1539851,0.086
2021,Central,Plantain,14960.6,119348,1785527,0.085
2022,Central,Plantain,12107.1,122146,1478835,0.08
2000,Eastern,Cocoa,313.3,15702,4918,2.581
2001,Eastern,Cocoa,401.1,15251,6117,2.742
2002,Eastern,Cocoa,374.8,14380,5390,3.055
2003,Eastern,Cocoa,439.9,15710,6911,2.792
2004,Eastern,Cocoa,401.2,15493,6216,2.411
2005,Eastern,Cocoa,463.2,16653,7714,2.506
2006,Eastern,Cocoa,445.4,15038,6698,2.706
2007,Eastern,Cocoa,505.2,16101,8135,2.634
2008,Eastern,Cocoa,429.5,16649,7150,3.111
2009,Eastern,Cocoa,582.6,16092,9375,2.932
2010,Eastern,Cocoa,486.2,16588,8064,2.62
2011,Eastern,Cocoa,481.4,16604,7993,2.733
2012,Eastern,Cocoa,547.5,17157,9394,2.866
2013,Eastern,Cocoa,416.9,15857,6611,3.008
2014,Eastern,Cocoa,551.3,17304,9539,2.947
2015,Eastern,Cocoa,417.5,16673,6960,2.631
2016,Eastern,Cocoa,513.8,16250,8349,2.239
2017,Eastern,Cocoa,527.9,17013,8980,2.174
2018,Eastern,Cocoa,443.2,16695,7399,3.152
2019,Eastern,Cocoa,497.7,17716,8818,2.251
2020,Eastern,Cocoa,466.0,17607,8206,3.264
2021,Eastern,Cocoa,525.9,16369,8608,2.909
2022,Eastern,Cocoa,498.4,17192,8569,2.675
2000,Eastern,Cassava,19552.7,53846,1052848,0.048
2001,Eastern,Cassava,12930.8,60032,776268,0.043
2002,Eastern,Cassava,16626.7,59255,985218,0.05
2003,Eastern,Cassava,18996.4,53892,1023757,0.052
2004,Eastern,Cassava,13701.4,58040,795235,0.059
2005,Eastern,Cassava,20293.3,61282,1243616,0.057
2006,Eastern,Cassava,19147.4,60605,1160449,0.056
2007,Eastern,Cassava,19331.4,59143,1143317,0.047
2008,Eastern,Cassava,20738.5,60309,1250727,0.054
2009,Eastern,Cassava,18936.1,59115,1119417,0.05
2010,Eastern,Cassava,21497.9,61570,1323625,0.056
2011,Eastern,Cassava,12939.7,59040,763968,0.052
2012,Eastern,Cassava,22435.2,58939,1322312,0.054
2013,Eastern,Cassava,15254.5,62276,949995,0.046
2014,Eastern,Cassava,19570.9,62428,1221787,0.055
2015,Eastern,Cassava,19499.9,62143,1211787,0.062
2016,Eastern,Cassava,20549.9,64936,1334438,0.057
2017,Eastern,Cassava,23489.5,60271,1415739,0.06
2018,Eastern,Cassava,21105.2,61336,1294525,0.05
2019,Eastern,Cassava,20564.4,64160,1319428,0.059
2020,Eastern,Cassava,20071.5,65893,1322581,0.057
2021,Eastern,Cassava,17854.0,65621,1171601,0.054
2022,Eastern,Cassava,21315.4,64531,1375507,0.049
2000,Eastern,Maize,1823.3,47182,86028,0.225
2001,Eastern,Maize,1340.8,44036,59044,0.211
2002,Eastern,Maize,1696.7,47710,80949,0.28
2003,Eastern,Maize,1127.4,43807,49390,0.252
2004,Eastern,Maize,2251.7,42775,96318,0.201
2005,Eastern,Maize,2642.3,46748,123526,0.27
2006,Eastern,Maize,2073.2,47030,97502,0.258
2007,Eastern,Maize,1924.0,46887,90209,0.249
2008,Eastern,Maize,1700.9,44373,75476,0.217
2009,Eastern,Maize,1313.0,47053,61783,0.295
2010,Eastern,Maize,2294.7,44828,102865,0.243
2011,Eastern,Maize,1768.4,47770,84475,0.305
2012,Eastern,Maize,2178.6,44188,96267,0.263
2013,Eastern,Maize,2321.5,47103,109351,0.233
2014,Eastern,Maize,2099.9,47675,100114,0.266
2015,Eastern,Maize,1952.1,48391,94467,0.265
2016,Eastern,Maize,1746.6,45695,79810,0.229
2017,Eastern,Maize,2357.7,47129,111114,0.305
2018,Eastern,Maize,1976.1,46863,92607,0.314
2019,Eastern,Maize,2364.3,47263,111746,0.239
2020,Eastern,Maize,2430.5,48866,118769,0.246
2021,Eastern,Maize,1743.2,49485,86265,0.294
2022,Eastern,Maize,1738.9,47806,83130,0.299
2000,Eastern,Plantain,10798.7,59603,643638,0.076
2001,Eastern,Plantain,10305.3,53774,554159,0.073
2002,Eastern,Plantain,10622.9,54794,582077,0.082
2003,Eastern,Plantain,7834.6,57833,453098,0.1
2004,Eastern,Plantain,12561.0,54369,682938,0.096
2005,Eastern,Plantain,11455.4,57573,659523,0.073
2006,Eastern,Plantain,10675.9,55576,593328,0.082
2007,Eastern,Plantain,9359.4,61461,575240,0.077
2008,Eastern,Plantain,12851.5,59560,765439,0.07
2009,Eastern,Plantain,9057.4,58639,531122,0.087
2010,Eastern,Plantain,14193.3,59636,846438,0.082
2011,Eastern,Plantain,11392.3,60163,685403,0.086
2012,Eastern,Plantain,10356.0,56336,583414,0.062
2013,Eastern,Plantain,12619.0,64420,812924,0.069
2014,Eastern,Plantain,11922.1,61752,736214,0.081
2015,Eastern,Plantain,12029.0,61427,738911,0.086
2016,Eastern,Plantain,12100.5,58743,710824,0.085
2017,Eastern,Plantain,11182.8,60827,680224,0.082
2018,Eastern,Plantain,11905.3,62825,747949,0.093
2019,Eastern,Plantain,13582.0,55620,755445,0.081
2020,Eastern,Plantain,12089.4,61135,739094,0.081
2021,Eastern,Plantain,12223.2,57799,706495,0.074
2022,Eastern,Plantain,11605.8,61791,717136,0.068
2000,Greater Accra,Cassava,18590.1,76733,1426473,0.059
2001,Greater Accra,Cassava,16456.7,76508,1259080,0.048
2002,Greater Accra,Cassava,16341.3,76966,1257723,0.051
2003,Greater Accra,Cassava,14593.1,81379,1187582,0.053
2004,Greater Accra,Cassava,23247.8,74710,1736848,0.049
2005,Greater Accra,Cassava,21100.9,78348,1653219,0.055
2006,Greater Accra,Cassava,20434.2,77930,1592459,0.034
2007,Greater Accra,Cassava,20864.2,77637,1619836,0.051
2008,Greater Accra,Cassava,16660.9,80442,1340240,0.053
2009,Greater Accra,Cassava,15049.5,87255,1313150,0.043
2010,Greater Accra,Cassava,19415.6,80728,1567387,0.06
2011,Greater Accra,Cassava,17768.7,74603,1325602,0.052
2012,Greater Accra,Cassava,19697.7,79966,1575149,0.056
2013,Greater Accra,Cassava,16417.3,81165,1332511,0.049
2014,Greater Accra,Cassava,22207.9,85108,1890088,0.052
2015,Greater Accra,Cassava,18979.6,83719,1588964,0.043
2016,Greater Accra,Cassava,20649.2,89818,1854678,0.051
2017,Greater Accra,Cassava,21580.1,82564,1781746,0.045
2018,Greater Accra,Cassava,24043.8,88075,2117671,0.046
2019,Greater Accra,Cassava,20206.0,83396,1685108,0.052
2020,Greater Accra,Cassava,19750.6,88216,1742336,0.045
2021,Greater Accra,Cassava,18885.9,83964,1585751,0.052
2022,Greater Accra,Cassava,19671.6,87318,1717698,0.063
2000,Greater Accra,Maize,1564.1,13169,20599,0.252
2001,Greater Accra,Maize,1937.7,13140,25463,0.268
2002,Greater Accra,Maize,1752.3,12399,21727,0.219
2003,Greater Accra,Maize,1273.5,13183,16788,0.254
2004,Greater Accra,Maize,1861.3,12811,23847,0.259
2005,Greater Accra,Maize,2213.8,13170,29156,0.258
2006,Greater Accra,Maize,1883.3,13223,24902,0.243
2007,Greater Accra,Maize,2473.5,13594,33625,0.272
2008,Greater Accra,Maize,2058.5,12547,25829,0.262
2009,Greater Accra,Maize,1797.7,13285,23883,0.205
2010,Greater Accra,Maize,2123.2,14198,30146,0.257
2011,Greater Accra,Maize,2917.5,14317,41769,0.269
2012,Greater Accra,Maize,2474.5,13802,34153,0.246
2013,Greater Accra,Maize,1746.6,13944,24355,0.222
2014,Greater Accra,Maize,1964.1,13155,25839,0.233
2015,Greater Accra,Maize,2349.2,14016,32928,0.293
2016,Greater Accra,Maize,2582.4,13404,34616,0.246
2017,Greater Accra,Maize,2192.3,13041,28590,0.217
2018,Greater Accra,Maize,2476.2,13652,33805,0.302
2019,Greater Accra,Maize,2082.2,13041,27156,0.294
2020,Greater Accra,Maize,1790.5,14609,26159,0.233
2021,Greater Accra,Maize,3105.1,14096,43769,0.229
2022,Greater Accra,Maize,2974.0,14709,43744,0.281
2000,Northern,Maize,1676.8,36969,61989,0.25
2001,Northern,Maize,2216.6,37418,82940,0.278
2002,Northern,Maize,1957.4,36856,72144,0.244
2003,Northern,Maize,1561.0,38586,60232,0.264
2004,Northern,Maize,1211.6,37418,45337,0.306
2005,Northern,Maize,1626.1,39575,64352,0.284
2006,Northern,Maize,1777.8,42247,75108,0.296
2007,Northern,Maize,1507.9,37762,56942,0.234
2008,Northern,Maize,2107.9,40242,84829,0.246
2009,Northern,Maize,2311.1,39641,91617,0.239
2010,Northern,Maize,1822.3,38342,69871,0.164
2011,Northern,Maize,2126.3,39743,84505,0.164
2012,Northern,Maize,1753.6,39592,69429,0.264
2013,Northern,Maize,2038.4,39827,81185,0.261
2014,Northern,Maize,2182.3,40742,88912,0.244
2015,Northern,Maize,2222.1,40748,90546,0.225
2016,Northern,Maize,1556.5,43559,67799,0.242
2017,Northern,Maize,2042.1,41447,84639,0.253
2018,Northern,Maize,1753.7,42786,75032,0.242
2019,Northern,Maize,2345.2,41984,98462,0.271
2020,Northern,Maize,2311.1,39653,91642,0.234
2021,Northern,Maize,1618.9,43099,69774,0.21
2022,Northern,Maize,2170.5,39954,86720,0.285
2000,Northern,Rice,2592.1,20105,52113,0.461
2001,Northern,Rice,3334.2,20636,68808,0.458
2002,Northern,Rice,2249.5,21058,47370,0.392
2003,Northern,Rice,1642.4,20717,34026,0.559
2004,Northern,Rice,3253.5,22904,74519,0.451
2005,Northern,Rice,2243.1,20760,46568,0.447
2006,Northern,Rice,2347.7,20737,48685,0.424
2007,Northern,Rice,2277.2,20304,46236,0.455
2008,Northern,Rice,2370.3,20310,48141,0.498
2009,Northern,Rice,2997.3,20904,62657,0.45
2010,Northern,Rice,2751.1,22772,62649,0.456
2011,Northern,Rice,2576.3,22222,57253,0.524
2012,Northern,Rice,2828.6,23090,65312,0.454
2013,Northern,Rice,3810.3,22946,87430,0.485
2014,Northern,Rice,3193.2,21897,69922,0.398
2015,Northern,Rice,3512.2,21725,76304,0.461
2016,Northern,Rice,2726.5,23614,64384,0.446
2017,Northern,Rice,2146.0,23499,50430,0.527
2018,Northern,Rice,3483.7,23468,81755,0.514
2019,Northern,Rice,4400.4,22083,97174,0.482
2020,Northern,Rice,2983.5,23951,71458,0.396
2021,Northern,Rice,4033.9,22823,92066,0.521
2022,Northern,Rice,4225.6,23045,97381,0.396
2000,Northern,Yam,10337.4,86906,898392,0.115
2001,Northern,Yam,12731.1,81060,1031986,0.131
2002,Northern,Yam,15034.2,92126,1385058,0.114
2003,Northern,Yam,13532.4,89537,1211658,0.125
2004,Northern,Yam,12600.9,87869,1107235,0.123
2005,Northern,Yam,13795.4,91779,1266127,0.113
2006,Northern,Yam,14669.0,90821,1332263,0.148
2007,Northern,Yam,16405.7,86195,1414089,0.13
2008,Northern,Yam,14657.7,92693,1358676,0.117
2009,Northern,Yam,11834.0,92221,1091347,0.095
2010,Northern,Yam,8054.7,84507,680682,0.132
2011,Northern,Yam,8800.3,89263,785542,0.117
2012,Northern,Yam,13253.7,94811,1256600,0.116
2013,Northern,Yam,15230.5,91600,1395115,0.129
2014,Northern,Yam,15436.6,95176,1469209,0.146
2015,Northern,Yam,12938.0,93286,1206939,0.097
2016,Northern,Yam,17421.2,98100,1709032,0.145
2017,Northern,Yam,13952.0,92924,1296486,0.121
2018,Northern,Yam,6820.0,95888,653961,0.137
2019,Northern,Yam,17690.4,100165,1771958,0.124
2020,Northern,Yam,15063.0,97185,1463907,0.134
2021,Northern,Yam,12833.1,94544,1213295,0.141
2022,Northern,Yam,15228.6,96915,1475885,0.134
2000,Upper East,Rice,3375.6,78249,264139,0.454
2001,Upper East,Rice,2221.1,75594,167902,0.32
2002,Upper East,Rice,2685.0,78430,210585,0.452
2003,Upper East,Rice,3492.0,76813,268228,0.44
2004,Upper East,Rice,2656.2,77401,205590,0.427
2005,Upper East,Rice,1291.5,77224,99732,0.338
2006,Upper East,Rice,2397.2,80584,193177,0.454
2007,Upper East,Rice,2549.9,81950,208965,0.419
2008,Upper East,Rice,2004.2,79383,159100,0.441
2009,Upper East,Rice,3604.6,76719,276544,0.465
2010,Upper East,Rice,3680.8,79858,293946,0.553
2011,Upper East,Rice,1499.1,78960,118368,0.415
2012,Upper East,Rice,2329.7,75738,176446,0.464
2013,Upper East,Rice,3265.7,83734,273453,0.421
2014,Upper East,Rice,1777.4,81759,145317,0.537
2015,Upper East,Rice,3911.3,79163,309632,0.331
2016,Upper East,Rice,3248.2,79072,256845,0.443
2017,Upper East,Rice,3607.4,84009,303054,0.441
2018,Upper East,Rice,2570.7,87122,223962,0.445
2019,Upper East,Rice,3181.0,83841,266700,0.491
2020,Upper East,Rice,2367.7,84692,200525,0.388
2021,Upper East,Rice,3802.0,78814,299655,0.415
2022,Upper East,Rice,3181.6,84635,269276,0.459
2000,Upper East,Maize,1188.9,48235,57345,0.263
2001,Upper East,Maize,2157.5,45282,97696,0.222
2002,Upper East,Maize,1138.9,49485,56357,0.242
2003,Upper East,Maize,878.9,45843,40294,0.195
2004,Upper East,Maize,2068.6,49281,101943,0.284
2005,Upper East,Maize,1753.4,45339,79499,0.221
2006,Upper East,Maize,1838.5,50261,92406,0.292
2007,Upper East,Maize,1842.4,46734,86102,0.283
2008,Upper East,Maize,1389.4,45999,63911,0.232
2009,Upper East,Maize,1527.7,47666,72817,0.249
2010,Upper East,Maize,1697.1,49771,84467,0.25
2011,Upper East,Maize,1603.2,48316,77460,0.196
2012,Upper East,Maize,1332.5,50515,67311,0.24
2013,Upper East,Maize,1374.3,46692,64169,0.266
2014,Upper East,Maize,1458.6,52903,77164,0.317
2015,Upper East,Maize,1682.1,52197,87802,0.218
2016,Upper East,Maize,1860.1,49837,92701,0.236
2017,Upper East,Maize,2150.5,51299,110317,0.279
2018,Upper East,Maize,1619.3,54466,88198,0.222
2019,Upper East,Maize,2155.5,52516,113201,0.309
2020,Upper East,Maize,2583.9,50213,129745,0.247
2021,Upper East,Maize,1622.8,51757,83993,0.258
2022,Upper East,Maize,2248.6,52114,117185,0.238
2000,Upper East,Yam,12075.6,21654,261496,0.125
2001,Upper East,Yam,12828.6,22314,286260,0.135
2002,Upper East,Yam,11778.2,21624,254702,0.111
2003,Upper East,Yam,15550.2,24697,384049,0.116
2004,Upper East,Yam,10524.7,22670,238602,0.128
2005,Upper East,Yam,14262.5,23554,335943,0.117
2006,Upper East,Yam,11462.7,20054,229874,0.129
2007,Upper East,Yam,15486.2,24469,378946,0.117
2008,Upper East,Yam,11246.6,23217,261112,0.106
2009,Upper East,Yam,9548.1,22182,211802,0.11
2010,Upper East,Yam,10589.1,23530,249161,0.13
2011,Upper East,Yam,13837.7,23559,326007,0.111
2012,Upper East,Yam,14929.8,23921,357143,0.125
2013,Upper East,Yam,17903.8,22687,406192,0.12
2014,Upper East,Yam,13959.7,23391,326537,0.109
2015,Upper East,Yam,12214.3,23654,288929,0.129
2016,Upper East,Yam,15873.2,23019,365399,0.129
2017,Upper East,Yam,18424.2,23706,436770,0.11
2018,Upper East,Yam,14820.3,23131,342820,0.132
2019,Upper East,Yam,15926.2,22713,361738,0.118
2020,Upper East,Yam,15026.0,24421,366962,0.14
2021,Upper East,Yam,14856.0,24294,360924,0.134
2022,Upper East,Yam,19485.1,25487,496617,0.123
2000,Upper West,Maize,1403.2,35765,50187,0.265
2001,Upper West,Maize,1314.2,35363,46475,0.228
2002,Upper West,Maize,2016.6,34472,69516,0.238
2003,Upper West,Maize,1478.3,35644,52693,0.279
2004,Upper West,Maize,1592.6,36956,58856,0.224
2005,Upper West,Maize,1780.5,34882,62106,0.272
2006,Upper West,Maize,1733.8,36517,63314,0.256
2007,Upper West,Maize,1790.4,37386,66936,0.248
2008,Upper West,Maize,2537.4,38497,97685,0.278
2009,Upper West,Maize,2215.8,35529,78726,0.256
2010,Upper West,Maize,1723.1,36975,63713,0.256
2011,Upper West,Maize,2066.6,36626,75693,0.237
2012,Upper West,Maize,2043.0,37202,76007,0.268
2013,Upper West,Maize,1525.8,37083,56581,0.208
2014,Upper West,Maize,1693.0,36916,62499,0.294
2015,Upper West,Maize,1584.8,38405,60866,0.239
2016,Upper West,Maize,2293.6,38845,89095,0.218
2017,Upper West,Maize,1729.4,37492,64839,0.288
2018,Upper West,Maize,2402.2,36585,87884,0.299
2019,Upper West,Maize,1978.7,38222,75628,0.224
2020,Upper West,Maize,1824.8,38663,70554,0.22
2021,Upper West,Maize,1737.9,37189,64633,0.243
2022,Upper West,Maize,1342.6,42343,56849,0.274
2000,Upper West,Yam,12948.8,9310,120564,0.103
2001,Upper West,Yam,13540.0,9201,124581,0.142
2002,Upper West,Yam,8862.5,9418,83469,0.115
2003,Upper West,Yam,13439.4,9605,129093,0.109
2004,Upper West,Yam,11103.3,8758,97251,0.122
2005,Upper West,Yam,11448.4,9583,109716,0.13
2006,Upper West,Yam,10977.4,9082,99705,0.119
2007,Upper West,Yam,9607.8,9177,88170,0.119
2008,Upper West,Yam,9310.9,9560,89012,0.102
2009,Upper West,Yam,13979.9,9644,134836,0.106
2010,Upper West,Yam,10699.9,9656,103327,0.127
2011,Upper West,Yam,16927.0,9186,155494,0.132
2012,Upper West,Yam,14747.1,9828,144936,0.134
2013,Upper West,Yam,13558.9,9306,126189,0.118
2014,Upper West,Yam,6981.8,9816,68537,0.149
2015,Upper West,Yam,16368.5,10101,165346,0.111
2016,Upper West,Yam,11422.6,10399,118786,0.099
2017,Upper West,Yam,16268.0,10049,163479,0.125
2018,Upper West,Yam,13557.8,10099,136933,0.149
2019,Upper West,Yam,14575.2,10036,146282,0.121
2020,Upper West,Yam,17669.0,10029,177213,0.111
2021,Upper West,Yam,16986.4,9717,165069,0.132
2022,Upper West,Yam,13710.7,10285,141027,0.141
2000,Upper West,Rice,3166.1,60681,192125,0.483
2001,Upper West,Rice,3114.1,66020,205593,0.442
2002,Upper West,Rice,2641.6,69879,184596,0.437
2003,Upper West,Rice,2695.2,60832,163952,0.377
2004,Upper West,Rice,1822.9,60384,110072,0.504
2005,Upper West,Rice,2759.4,61437,169527,0.524
2006,Upper West,Rice,2507.9,65829,165095,0.398
2007,Upper West,Rice,3253.2,65628,213503,0.367
2008,Upper West,Rice,3883.4,70563,274025,0.456
2009,Upper West,Rice,3560.1,66008,234997,0.526
2010,Upper West,Rice,2893.7,63362,183351,0.449
2011,Upper West,Rice,2752.0,64767,178239,0.43
2012,Upper West,Rice,3613.4,61054,220615,0.461
2013,Upper West,Rice,2516.4,70475,177340,0.506
2014,Upper West,Rice,3393.8,63803,216535,0.467
2015,Upper West,Rice,3626.3,62130,225300,0.41
2016,Upper West,Rice,2922.9,70722,206714,0.388
2017,Upper West,Rice,2879.7,72202,207918,0.393
2018,Upper West,Rice,2504.2,68438,171384,0.475
2019,Upper West,Rice,4171.2,65549,273421,0.418
2020,Upper West,Rice,3464.1,68142,236048,0.478
2021,Upper West,Rice,3316.6,70852,234991,0.364
2022,Upper West,Rice,3578.6,69921,250219,0.464
2000,Volta,Cassava,18150.4,65071,1181068,0.053
2001,Volta,Cassava,18442.4,68019,1254441,0.05
2002,Volta,Cassava,18216.0,67312,1226166,0.055
2003,Volta,Cassava,16555.5,63128,1045122,0.043
2004,Volta,Cassava,15432.6,68905,1063385,0.053
2005,Volta,Cassava,19235.2,60920,1171815,0.05
2006,Volta,Cassava,20106.6,69744,1402324,0.048
2007,Volta,Cassava,16907.0,67687,1144398,0.053
2008,Volta,Cassava,20856.3,69681,1453308,0.053
2009,Volta,Cassava,19442.9,73271,1424615,0.05
2010,Volta,Cassava,18542.4,67449,1250687,0.037
2011,Volta,Cassava,22069.9,66227,1461638,0.044
2012,Volta,Cassava,20093.3,71102,1428688,0.054
2013,Volta,Cassava,16281.3,69995,1139618,0.046
2014,Volta,Cassava,17794.1,66593,1184971,0.041
2015,Volta,Cassava,21599.4,68671,1483263,0.049
2016,Volta,Cassava,17924.3,66319,1188722,0.043
2017,Volta,Cassava,23721.3,72542,1720795,0.049
2018,Volta,Cassava,22536.9,75249,1695887,0.048
2019,Volta,Cassava,16929.7,71007,1202137,0.047
2020,Volta,Cassava,22070.3,71979,1588608,0.05
2021,Volta,Cassava,20003.1,76403,1528304,0.046
2022,Volta,Cassava,16575.0,70325,1165640,0.041
2000,Volta,Yam,12321.9,29854,367862,0.106
2001,Volta,Yam,13492.4,31643,426942,0.119
2002,Volta,Yam,14594.1,33382,487182,0.139
2003,Volta,Yam,15811.8,32719,517347,0.097
2004,Volta,Yam,16083.7,32879,528817,0.124
2005,Volta,Yam,12059.7,32115,387302,0.144
2006,Volta,Yam,15371.7,31642,486402,0.119
2007,Volta,Yam,13857.3,30069,416676,0.118
2008,Volta,Yam,14694.0,32937,483978,0.105
2009,Volta,Yam,10737.5,32217,345934,0.125
2010,Volta,Yam,15530.5,32005,497063,0.097
2011,Volta,Yam,14756.1,32594,480968,0.143
2012,Volta,Yam,18094.6,32233,583251,0.124
2013,Volta,Yam,16632.7,33716,560793,0.11
2014,Volta,Yam,14529.3,33083,480683,0.11
2015,Volta,Yam,18228.1,34558,629931,0.126
2016,Volta,Yam,15913.3,33571,534229,0.131
2017,Volta,Yam,19199.4,34476,661936,0.122
2018,Volta,Yam,20039.1,34634,694039,0.117
2019,Volta,Yam,13269.6,34295,455085,0.132
2020,Volta,Yam,15826.3,33810,535098,0.141
2021,Volta,Yam,18064.1,32990,595947,0.097
2022,Volta,Yam,13012.2,33725,438842,0.132
2000,Volta,Maize,1855.9,53286,98893,0.25
2001,Volta,Maize,1381.8,58589,80960,0.239
2002,Volta,Maize,1437.4,60173,86493,0.242
2003,Volta,Maize,1819.4,59837,108867,0.219
2004,Volta,Maize,1893.8,61108,115727,0.24
2005,Volta,Maize,1725.1,59391,102456,0.2
2006,Volta,Maize,1467.2,56397,82746,0.264
2007,Volta,Maize,2139.9,57094,122179,0.209
2008,Volta,Maize,1875.5,58062,108895,0.255
2009,Volta,Maize,2980.8,61280,182664,0.275
2010,Volta,Maize,1999.1,62005,123954,0.312
2011,Volta,Maize,1712.2,58612,100356,0.266
2012,Volta,Maize,1845.0,60500,111625,0.279
2013,Volta,Maize,2347.4,60821,142773,0.263
2014,Volta,Maize,2039.4,61047,124497,0.323
2015,Volta,Maize,2287.7,61710,141178,0.232
2016,Volta,Maize,2499.7,67158,167873,0.202
2017,Volta,Maize,1530.5,65132,99681,0.282
2018,Volta,Maize,1382.9,62921,87011,0.26
2019,Volta,Maize,2472.6,63783,157709,0.222
2020,Volta,Maize,1991.8,62548,124581,0.22
2021,Volta,Maize,2461.2,63474,156223,0.255
2022,Volta,Maize,2151.3,63952,137582,0.329
2000,Western,Cocoa,335.5,79263,26590,3.391
2001,Western,Cocoa,429.3,79836,34275,2.099
2002,Western,Cocoa,401.1,75031,30093,2.732
2003,Western,Cocoa,408.3,82768,33790,2.738
2004,Western,Cocoa,376.9,79817,30080,2.819
2005,Western,Cocoa,426.5,83292,35525,2.967
2006,Western,Cocoa,452.3,78833,35659,2.871
2007,Western,Cocoa,430.8,85347,36764,2.438
2008,Western,Cocoa,410.6,79561,32666,2.738
2009,Western,Cocoa,574.5,81024,46548,3.233
2010,Western,Cocoa,533.2,84345,44974,2.418
2011,Western,Cocoa,485.0,87438,42410,3.269
2012,Western,Cocoa,490.7,83349,40899,3.274
2013,Western,Cocoa,553.5,88263,48854,2.558
2014,Western,Cocoa,522.3,84800,44289,2.956
2015,Western,Cocoa,501.2,88782,44497,3.063
2016,Western,Cocoa,510.0,81417,41523,2.934
2017,Western,Cocoa,433.4,87972,38122,2.588
2018,Western,Cocoa,441.7,84276,37222,2.328
2019,Western,Cocoa,395.8,85927,34011,2.875
2020,Western,Cocoa,483.4,87823,42450,3.146
2021,Western,Cocoa,565.2,83169,47003,2.833
2022,Western,Cocoa,514.0,83320,42828,2.499
2000,Western,Plantain,10837.1,27776,301020,0.088
2001,Western,Plantain,8452.3,30368,256681,0.087
2002,Western,Plantain,11060.7,29044,321251,0.07
2003,Western,Plantain,8121.7,29433,239051,0.085
2004,Western,Plantain,10913.3,29661,323707,0.087
2005,Western,Plantain,10097.7,30906,312086,0.077
2006,Western,Plantain,10160.0,30636,311271,0.085
2007,Western,Plantain,9212.4,31777,292744,0.072
2008,Western,Plantain,9611.9,30272,290972,0.08
2009,Western,Plantain,11000.3,28576,314348,0.086
2010,Western,Plantain,12318.6,32414,399305,0.084
2011,Western,Plantain,13167.1,32136,423140,0.083
2012,Western,Plantain,11949.3,31174,372519,0.077
2013,Western,Plantain,13953.9,29702,414461,0.075
2014,Western,Plantain,12500.2,28972,362159,0.086
2015,Western,Plantain,13350.8,31509,420679,0.074
2016,Western,Plantain,10682.1,33475,357592,0.099
2017,Western,Plantain,12269.7,30339,372257,0.088
2018,Western,Plantain,14437.0,34008,490985,0.085
2019,Western,Plantain,11466.5,33294,381775,0.085
2020,Western,Plantain,15135.3,33325,504396,0.084
2021,Western,Plantain,12729.1,31316,398635,0.109
2022,Western,Plantain,13439.3,31263,420155,0.084
2000,Western,Cassava,16657.0,71951,1198496,0.049
2001,Western,Cassava,15919.4,73246,1166044,0.056
2002,Western,Cassava,17533.9,70734,1240256,0.054
2003,Western,Cassava,16862.8,75038,1265360,0.045
2004,Western,Cassava,19787.2,75526,1494451,0.055
2005,Western,Cassava,19491.8,74798,1457952,0.049
2006,Western,Cassava,17661.3,74913,1323062,0.046
2007,Western,Cassava,17483.9,73816,1290599,0.04
2008,Western,Cassava,18621.0,75498,1405859,0.049
2009,Western,Cassava,13892.9,75259,1045568,0.046
2010,Western,Cassava,21739.8,75554,1642540,0.048
2011,Western,Cassava,22675.6,74010,1678238,0.048
2012,Western,Cassava,20540.6,77624,1594445,0.045
2013,Western,Cassava,23022.3,78910,1816704,0.051
2014,Western,Cassava,17741.5,79475,1410013,0.044
2015,Western,Cassava,18622.3,78743,1466393,0.039
2016,Western,Cassava,19092.4,78840,1505252,0.046
2017,Western,Cassava,21939.0,84362,1850826,0.057
2018,Western,Cassava,21725.3,81070,1761288,0.038
2019,Western,Cassava,17899.5,78817,1410801,0.06
2020,Western,Cassava,21167.5,84305,1784547,0.05
2021,Western,Cassava,21063.5,84108,1771607,0.047
2022,Western,Cassava,17003.7,80668,1371662,0.048
